epoch,loss_step,step
0,41.25390625,4
0,9.058282852172852,9
0,6.982431411743164,14
0,4.255789756774902,19
0,3.3112246990203857,24
