epoch,loss_step,step
0,35841.07421875,4
0,36188.80859375,9
